slugname,about,official_web
"Hammes, Stamm and O'Conner",congue diam id ornare imperdiet sapien urna pretium nisl ut volutpat sapien arcu sed augue aliquam erat,http://theglobeandmail.com/justo/pellentesque/viverra/pede/ac/diam.jpg
Wehner Inc,ut tellus nulla ut erat id mauris vulputate elementum nullam varius nulla,http://yahoo.com/nibh/in/lectus/pellentesque/at/nulla/suspendisse.aspx
Paucek and Sons,porttitor id consequat in consequat ut nulla sed accumsan felis ut at dolor quis odio consequat varius integer ac,http://twitter.com/feugiat.jpg
"Gutkowski, Vandervort and Windler",congue elementum in hac habitasse platea dictumst morbi vestibulum velit id pretium iaculis,http://yelp.com/odio/donec/vitae/nisi/nam/ultrices.png
Shanahan Group,eu mi nulla ac enim in tempor turpis nec euismod scelerisque quam turpis adipiscing lorem vitae mattis nibh,http://webeden.co.uk/consequat/varius/integer/ac/leo/pellentesque/ultrices.js
Stracke-Mills,maecenas tristique est et tempus semper est quam pharetra magna ac consequat metus sapien ut nunc vestibulum ante,http://biblegateway.com/rutrum/at/lorem/integer/tincidunt/ante.html
"Bashirian, Osinski and Balistreri",integer ac leo pellentesque ultrices mattis odio donec vitae nisi nam ultrices libero non mattis pulvinar nulla,https://feedburner.com/dolor/quis/odio/consequat/varius.aspx
"Beer, Jerde and Hudson",lacinia sapien quis libero nullam sit amet turpis elementum ligula vehicula consequat morbi a ipsum integer a nibh in,https://technorati.com/donec/odio/justo/sollicitudin/ut.jpg
Rogahn-Schowalter,volutpat erat quisque erat eros viverra eget congue eget semper,http://archive.org/accumsan/odio/curabitur/convallis/duis/consequat/dui.html
"Moen, Metz and Runolfsdottir",fermentum justo nec condimentum neque sapien placerat ante nulla justo aliquam quis turpis eget elit sodales scelerisque mauris sit amet,https://aol.com/nunc/commodo.html
Cormier-Crona,magna vestibulum aliquet ultrices erat tortor sollicitudin mi sit amet,http://google.nl/morbi/non/lectus/aliquam/sit/amet.aspx
Walsh LLC,nec sem duis aliquam convallis nunc proin at turpis a pede,http://google.pl/dapibus/nulla.json
"Blick, Koelpin and Prohaska",aliquam convallis nunc proin at turpis a pede posuere nonummy integer non velit donec diam neque vestibulum eget,http://reuters.com/vivamus.aspx
Reinger-Hahn,sed lacus morbi sem mauris laoreet ut rhoncus aliquet pulvinar sed nisl nunc rhoncus dui,https://thetimes.co.uk/eleifend/donec/ut.png
Kihn Group,varius integer ac leo pellentesque ultrices mattis odio donec vitae nisi nam ultrices,http://jimdo.com/ornare/consequat/lectus/in/est/risus/auctor.jpg
Beer-Schultz,nulla suspendisse potenti cras in purus eu magna vulputate luctus cum sociis natoque penatibus et magnis dis parturient montes,https://boston.com/blandit/mi/in/porttitor/pede/justo.json
"Barrows, Prohaska and Kling",justo pellentesque viverra pede ac diam cras pellentesque volutpat dui maecenas tristique est et tempus,http://yelp.com/nisl/nunc/nisl/duis/bibendum/felis.jpg
Olson LLC,sapien dignissim vestibulum vestibulum ante ipsum primis in faucibus orci,https://storify.com/sapien/varius/ut/blandit/non.aspx
Morar-Kuhlman,suscipit a feugiat et eros vestibulum ac est lacinia nisi,https://smugmug.com/eleifend/quam/a.aspx
Raynor LLC,dignissim vestibulum vestibulum ante ipsum primis in faucibus orci luctus et ultrices posuere cubilia curae nulla,https://domainmarket.com/tincidunt/ante.jsp
Bruen-Dach,nunc vestibulum ante ipsum primis in faucibus orci luctus et ultrices posuere cubilia curae mauris,http://thetimes.co.uk/curae/duis/faucibus/accumsan.jpg
Rodriguez-Bergstrom,erat eros viverra eget congue eget semper rutrum nulla nunc,http://quantcast.com/phasellus/in/felis/donec/semper/sapien/a.png
Renner-Rutherford,blandit nam nulla integer pede justo lacinia eget tincidunt eget tempus vel pede morbi,https://mapy.cz/molestie/sed.xml
Rice-Erdman,nisl ut volutpat sapien arcu sed augue aliquam erat volutpat in congue etiam justo etiam pretium iaculis justo in hac,https://toplist.cz/eu/interdum.xml
Bechtelar Inc,sit amet consectetuer adipiscing elit proin risus praesent lectus vestibulum quam sapien varius ut blandit non interdum in ante vestibulum,https://bluehost.com/auctor/gravida/sem/praesent/id/massa/id.png
Feeney Inc,justo nec condimentum neque sapien placerat ante nulla justo aliquam quis turpis eget elit,http://seattletimes.com/enim/leo/rhoncus/sed.html
Ankunding-Larson,fermentum justo nec condimentum neque sapien placerat ante nulla justo aliquam quis turpis eget elit sodales scelerisque mauris sit amet,https://vkontakte.ru/est.jpg
Wuckert-Schinner,turpis a pede posuere nonummy integer non velit donec diam neque vestibulum eget vulputate ut ultrices vel,http://dedecms.com/semper.jpg
Abbott-Dooley,aliquam quis turpis eget elit sodales scelerisque mauris sit amet eros suspendisse accumsan tortor,https://zimbio.com/non/ligula.js
"Legros, Quitzon and Cronin",aliquam augue quam sollicitudin vitae consectetuer eget rutrum at lorem integer tincidunt ante vel ipsum praesent,https://noaa.gov/turpis/a/pede/posuere/nonummy/integer.aspx
"McDermott, Kassulke and O'Reilly",ut rhoncus aliquet pulvinar sed nisl nunc rhoncus dui vel sem sed sagittis nam congue risus semper,https://statcounter.com/dui/maecenas/tristique/est.png
Kiehn-Feil,lorem ipsum dolor sit amet consectetuer adipiscing elit proin interdum mauris non ligula pellentesque ultrices phasellus id sapien in,https://ftc.gov/lectus/suspendisse/potenti/in/eleifend.png
Wuckert LLC,suscipit nulla elit ac nulla sed vel enim sit amet,https://tuttocitta.it/pede/justo/lacinia/eget/tincidunt/eget.js
Oberbrunner LLC,morbi ut odio cras mi pede malesuada in imperdiet et commodo vulputate justo in blandit,https://prnewswire.com/felis/eu/sapien/cursus.png
Ryan LLC,consectetuer adipiscing elit proin risus praesent lectus vestibulum quam sapien varius,http://cdc.gov/turpis/eget/elit.xml
"Rodriguez, Flatley and Nikolaus",vel lectus in quam fringilla rhoncus mauris enim leo rhoncus sed vestibulum sit amet cursus id,https://shinystat.com/vitae/quam.xml
Schinner Inc,sed lacus morbi sem mauris laoreet ut rhoncus aliquet pulvinar,http://domainmarket.com/neque/sapien.aspx
Bergnaum-Mertz,ac consequat metus sapien ut nunc vestibulum ante ipsum primis in faucibus orci luctus et,https://com.com/dapibus/duis/at/velit/eu/est/congue.html
Herman Inc,et ultrices posuere cubilia curae donec pharetra magna vestibulum aliquet ultrices erat tortor sollicitudin mi sit amet,https://360.cn/pretium/quis/lectus/suspendisse/potenti.xml
"Wyman, Barton and Kulas",vel nisl duis ac nibh fusce lacus purus aliquet at feugiat non pretium quis lectus suspendisse potenti,http://is.gd/neque/libero/convallis/eget.json
Bartell-Considine,in eleifend quam a odio in hac habitasse platea dictumst maecenas ut massa quis augue luctus tincidunt,http://cam.ac.uk/justo/in/blandit/ultrices.jsp
Mills-Boyer,at velit vivamus vel nulla eget eros elementum pellentesque quisque porta volutpat erat quisque erat,https://exblog.jp/congue/eget/semper/rutrum/nulla/nunc.html
Brekke Group,ultrices posuere cubilia curae nulla dapibus dolor vel est donec,https://intel.com/molestie/nibh.png
Armstrong-Wisoky,odio porttitor id consequat in consequat ut nulla sed accumsan felis ut at dolor quis,https://discuz.net/duis/bibendum.aspx
"Bogisich, Bernhard and Davis",vel ipsum praesent blandit lacinia erat vestibulum sed magna at nunc commodo placerat praesent blandit nam nulla integer pede,http://google.ru/ante/nulla/justo/aliquam/quis.jsp
Weissnat Inc,at vulputate vitae nisl aenean lectus pellentesque eget nunc donec quis orci eget orci vehicula condimentum curabitur,https://imageshack.us/ligula.json
Terry-Raynor,ut massa quis augue luctus tincidunt nulla mollis molestie lorem quisque ut erat curabitur gravida nisi at nibh in,http://artisteer.com/at/nunc/commodo/placerat.xml
Stiedemann Group,duis bibendum morbi non quam nec dui luctus rutrum nulla tellus,http://ycombinator.com/ipsum/dolor.jsp
Daugherty-Lakin,aenean sit amet justo morbi ut odio cras mi pede malesuada in imperdiet et commodo vulputate,http://joomla.org/in/faucibus/orci/luctus/et.js
Douglas-Skiles,in tempor turpis nec euismod scelerisque quam turpis adipiscing lorem vitae mattis,https://google.co.jp/consectetuer/eget/rutrum/at.json
Volkman Group,convallis morbi odio odio elementum eu interdum eu tincidunt in leo maecenas pulvinar lobortis est phasellus sit amet erat,https://1und1.de/primis/in/faucibus/orci/luctus/et.aspx
"Senger, Volkman and Rodriguez",tortor duis mattis egestas metus aenean fermentum donec ut mauris eget massa,http://weather.com/donec/vitae.json
"Hyatt, Mohr and Lakin",in hac habitasse platea dictumst maecenas ut massa quis augue luctus tincidunt nulla,http://devhub.com/lectus/in/est/risus/auctor/sed.jsp
Pfeffer LLC,volutpat in congue etiam justo etiam pretium iaculis justo in hac,http://umich.edu/non/pretium/quis/lectus/suspendisse/potenti/in.json
"Effertz, Champlin and Herman",vel est donec odio justo sollicitudin ut suscipit a feugiat et eros vestibulum ac est lacinia,https://apache.org/primis.aspx
Hermann and Sons,consectetuer adipiscing elit proin risus praesent lectus vestibulum quam sapien varius ut blandit non interdum in ante,http://paypal.com/ac/diam/cras.xml
Tillman-Sporer,platea dictumst etiam faucibus cursus urna ut tellus nulla ut erat id mauris vulputate elementum nullam varius nulla facilisi,http://washington.edu/dapibus.json
"Watsica, Torphy and Hahn",massa volutpat convallis morbi odio odio elementum eu interdum eu tincidunt in leo maecenas pulvinar lobortis est,https://jalbum.net/turpis/adipiscing/lorem/vitae.html
"Waelchi, Strosin and Mitchell",auctor gravida sem praesent id massa id nisl venenatis lacinia aenean sit amet justo morbi ut odio cras,https://g.co/elit/sodales/scelerisque/mauris/sit/amet/eros.jpg
"Ferry, Metz and Keebler",duis ac nibh fusce lacus purus aliquet at feugiat non pretium quis,http://rambler.ru/sem/sed/sagittis.jpg
"Bashirian, Prohaska and Fay",vulputate luctus cum sociis natoque penatibus et magnis dis parturient montes nascetur ridiculus mus vivamus vestibulum,https://rediff.com/sem/praesent/id/massa/id/nisl.aspx
Rice-Haley,vehicula consequat morbi a ipsum integer a nibh in quis justo maecenas rhoncus aliquam lacus morbi,https://mlb.com/augue/vel/accumsan/tellus/nisi/eu/orci.xml
Feeney LLC,libero ut massa volutpat convallis morbi odio odio elementum eu interdum eu tincidunt in,http://ucoz.com/mauris/lacinia/sapien.aspx
Jacobi LLC,magna ac consequat metus sapien ut nunc vestibulum ante ipsum primis in faucibus orci luctus et ultrices,http://php.net/cras/pellentesque/volutpat/dui/maecenas.js
Zemlak and Sons,scelerisque quam turpis adipiscing lorem vitae mattis nibh ligula nec sem duis aliquam,https://trellian.com/quis/turpis/eget/elit/sodales/scelerisque/mauris.jpg
"Koch, Yundt and Ziemann",habitasse platea dictumst aliquam augue quam sollicitudin vitae consectetuer eget rutrum at lorem integer,http://ucsd.edu/pretium/nisl/ut/volutpat/sapien/arcu.aspx
Stanton Inc,scelerisque quam turpis adipiscing lorem vitae mattis nibh ligula nec sem duis aliquam convallis nunc proin at turpis a,https://digg.com/pede/lobortis/ligula/sit.json
"Haley, Bernier and Nicolas",id consequat in consequat ut nulla sed accumsan felis ut at dolor quis odio consequat varius integer,http://si.edu/cursus.jpg
Littel LLC,porttitor id consequat in consequat ut nulla sed accumsan felis ut at dolor quis odio consequat varius integer ac,http://yellowpages.com/adipiscing/elit/proin.html
D'Amore Inc,eget eleifend luctus ultricies eu nibh quisque id justo sit amet,http://whitehouse.gov/mattis/egestas/metus.aspx
Kassulke-Kirlin,pede morbi porttitor lorem id ligula suspendisse ornare consequat lectus in est risus auctor sed,http://auda.org.au/sociis/natoque/penatibus/et/magnis/dis.xml
West-Homenick,pede justo lacinia eget tincidunt eget tempus vel pede morbi porttitor lorem id,http://about.com/sed/vestibulum.aspx
"Rowe, Franecki and Rogahn",orci vehicula condimentum curabitur in libero ut massa volutpat convallis morbi odio odio elementum eu,http://hugedomains.com/magna/bibendum.json
Cruickshank LLC,amet nunc viverra dapibus nulla suscipit ligula in lacus curabitur at ipsum ac tellus semper interdum mauris ullamcorper purus sit,http://independent.co.uk/vestibulum/ac/est/lacinia.jpg
"Huels, Jaskolski and Schultz",nisi venenatis tristique fusce congue diam id ornare imperdiet sapien urna pretium nisl ut volutpat sapien arcu sed,http://livejournal.com/nulla/dapibus/dolor/vel/est.json
Kris and Sons,justo lacinia eget tincidunt eget tempus vel pede morbi porttitor lorem id ligula suspendisse,http://dyndns.org/quis/augue/luctus/tincidunt/nulla.png
"Thompson, Zemlak and Little",cras mi pede malesuada in imperdiet et commodo vulputate justo in blandit ultrices enim,http://army.mil/elit/sodales/scelerisque/mauris/sit.png
"Rau, VonRueden and Considine",venenatis non sodales sed tincidunt eu felis fusce posuere felis sed lacus morbi sem mauris laoreet ut rhoncus,http://microsoft.com/in/quis/justo/maecenas/rhoncus/aliquam/lacus.html
"Jast, Stehr and Bednar",nulla dapibus dolor vel est donec odio justo sollicitudin ut suscipit a feugiat et eros vestibulum ac est lacinia nisi,http://usgs.gov/vivamus/in/felis/eu/sapien/cursus.js
Crooks LLC,sed sagittis nam congue risus semper porta volutpat quam pede lobortis ligula sit amet eleifend pede libero,http://tiny.cc/a/nibh.html
Mertz-Erdman,vestibulum ante ipsum primis in faucibus orci luctus et ultrices posuere cubilia curae duis faucibus accumsan odio curabitur,https://cargocollective.com/nam.jsp
"Tremblay, Hackett and Botsford",enim blandit mi in porttitor pede justo eu massa donec dapibus duis at,http://springer.com/pede/libero.html
Pfeffer-Terry,ultricies eu nibh quisque id justo sit amet sapien dignissim vestibulum vestibulum ante ipsum,https://t-online.de/etiam/pretium/iaculis/justo.html
Rogahn-Mante,vel nulla eget eros elementum pellentesque quisque porta volutpat erat quisque erat,https://mysql.com/turpis/a/pede/posuere/nonummy.html
Zemlak,proin leo odio porttitor id consequat in consequat ut nulla sed accumsan,https://examiner.com/est/lacinia/nisi.jpg
Roberts-White,non sodales sed tincidunt eu felis fusce posuere felis sed,http://tuttocitta.it/vivamus/vel.html
Yundt Group,morbi a ipsum integer a nibh in quis justo maecenas rhoncus aliquam lacus morbi quis tortor id,https://xrea.com/ante/vivamus/tortor/duis.jpg
Boehm-Turcotte,lectus in est risus auctor sed tristique in tempus sit amet sem fusce consequat,https://bing.com/erat/curabitur/gravida/nisi.aspx
Hauck and Sons,potenti nullam porttitor lacus at turpis donec posuere metus vitae ipsum aliquam non mauris morbi,https://seesaa.net/dapibus/at.png
Heaney-Strosin,ornare consequat lectus in est risus auctor sed tristique in tempus sit amet sem fusce consequat nulla nisl nunc nisl,https://google.com.br/volutpat/convallis/morbi.js
Dach-Johnston,quis libero nullam sit amet turpis elementum ligula vehicula consequat morbi a ipsum integer a,https://istockphoto.com/lobortis/sapien/sapien.xml
Schuppe and Sons,neque aenean auctor gravida sem praesent id massa id nisl venenatis lacinia aenean sit amet justo morbi,https://reddit.com/dolor/quis/odio/consequat.png
Nolan-Terry,id turpis integer aliquet massa id lobortis convallis tortor risus dapibus,https://cloudflare.com/odio/in.jsp
Gulgowski-Lockman,iaculis diam erat fermentum justo nec condimentum neque sapien placerat ante nulla justo aliquam quis turpis eget,https://upenn.edu/scelerisque/quam.jpg
"Shanahan, Keeling and Feil",nec dui luctus rutrum nulla tellus in sagittis dui vel nisl duis ac nibh fusce lacus purus aliquet,http://wisc.edu/aliquam/convallis/nunc.jpg
Donnelly and Sons,montes nascetur ridiculus mus etiam vel augue vestibulum rutrum rutrum neque aenean auctor,http://tmall.com/duis/bibendum/felis.xml
"Raynor, Towne and Mosciski",in tempor turpis nec euismod scelerisque quam turpis adipiscing lorem vitae mattis nibh,https://instagram.com/condimentum/id/luctus/nec/molestie.html
Renner Group,porttitor pede justo eu massa donec dapibus duis at velit eu est congue elementum in hac habitasse platea,https://fc2.com/sapien/iaculis/congue/vivamus/metus/arcu.aspx
"Ziemann, Hackett and Harber",erat fermentum justo nec condimentum neque sapien placerat ante nulla justo aliquam,http://fda.gov/morbi/porttitor.xml
Dibbert-Kunze,mauris ullamcorper purus sit amet nulla quisque arcu libero rutrum ac lobortis vel dapibus,https://ovh.net/neque/vestibulum/eget/vulputate.aspx
Gleason-Ruecker,nec nisi vulputate nonummy maecenas tincidunt lacus at velit vivamus,https://cnn.com/morbi/quis/tortor/id/nulla.jpg
"Stark, Maggio and Wintheiser",orci nullam molestie nibh in lectus pellentesque at nulla suspendisse potenti cras in,https://nytimes.com/sed/magna/at/nunc.js
"Block, Bruen and Bins",nisl duis ac nibh fusce lacus purus aliquet at feugiat non pretium quis,http://chron.com/enim/leo/rhoncus.html
Boyer-Corkery,sapien cum sociis natoque penatibus et magnis dis parturient montes nascetur ridiculus mus etiam vel augue vestibulum rutrum,http://google.fr/maecenas/rhoncus/aliquam/lacus/morbi.jpg
Osinski LLC,interdum mauris ullamcorper purus sit amet nulla quisque arcu libero rutrum ac lobortis vel dapibus at diam,http://vkontakte.ru/varius/ut/blandit/non/interdum/in/ante.json
Stroman-Lindgren,laoreet ut rhoncus aliquet pulvinar sed nisl nunc rhoncus dui vel sem sed sagittis nam congue risus semper,https://usda.gov/tempus/semper/est/quam/pharetra/magna.html
"Prohaska, Kulas and Frami",nulla ut erat id mauris vulputate elementum nullam varius nulla facilisi cras,http://theglobeandmail.com/eget/congue/eget/semper/rutrum.js
Ebert-McKenzie,mauris morbi non lectus aliquam sit amet diam in magna bibendum imperdiet nullam orci pede venenatis non sodales sed,http://ucoz.com/sapien.png
Dibbert and Sons,pede venenatis non sodales sed tincidunt eu felis fusce posuere felis sed lacus morbi sem mauris laoreet ut rhoncus,https://alibaba.com/primis.js
Glover-Crist,etiam faucibus cursus urna ut tellus nulla ut erat id mauris vulputate elementum nullam,http://networksolutions.com/eu.png
"Hintz, Watsica and Reilly",a odio in hac habitasse platea dictumst maecenas ut massa quis augue luctus tincidunt,http://webnode.com/nibh/in/hac/habitasse.js
Adams LLC,volutpat convallis morbi odio odio elementum eu interdum eu tincidunt in leo maecenas pulvinar lobortis,http://myspace.com/nascetur/ridiculus/mus/etiam/vel/augue/vestibulum.jpg
Corwin-Crist,aliquet massa id lobortis convallis tortor risus dapibus augue vel accumsan,http://oaic.gov.au/aliquam/sit/amet/diam/in/magna.aspx
Kessler and Sons,pede morbi porttitor lorem id ligula suspendisse ornare consequat lectus in,https://china.com.cn/justo/aliquam/quis/turpis/eget.jpg
Stoltenberg-Turner,eu sapien cursus vestibulum proin eu mi nulla ac enim in tempor turpis nec euismod scelerisque quam turpis adipiscing,http://alexa.com/accumsan/tortor/quis/turpis/sed.aspx
Schowalter-Kemmer,est lacinia nisi venenatis tristique fusce congue diam id ornare imperdiet sapien urna pretium nisl,https://example.com/at/nulla/suspendisse/potenti/cras/in.js
Harvey-Ruecker,dictumst etiam faucibus cursus urna ut tellus nulla ut erat id mauris vulputate elementum nullam varius nulla facilisi cras non,https://canalblog.com/mauris/sit/amet/eros/suspendisse/accumsan.js
Boehm-Will,a ipsum integer a nibh in quis justo maecenas rhoncus aliquam lacus morbi,https://omniture.com/ut.jpg
"Goyette, Raynor and Yost",odio in hac habitasse platea dictumst maecenas ut massa quis,http://si.edu/congue/risus/semper.js
Koelpin-Runolfsdottir,erat nulla tempus vivamus in felis eu sapien cursus vestibulum,https://hibu.com/in/faucibus/orci/luctus/et.html
Abshire LLC,ligula suspendisse ornare consequat lectus in est risus auctor sed tristique,https://goo.gl/luctus/ultricies/eu.png
Grady Group,orci mauris lacinia sapien quis libero nullam sit amet turpis elementum,http://over-blog.com/pellentesque/volutpat/dui.jsp
Willms LLC,libero non mattis pulvinar nulla pede ullamcorper augue a suscipit nulla elit ac nulla,https://yale.edu/tristique/in/tempus/sit/amet.jpg
"Lockman, Miller and Hauck",molestie lorem quisque ut erat curabitur gravida nisi at nibh in hac habitasse platea dictumst aliquam augue quam,http://artisteer.com/magnis/dis/parturient.jpg
Breke Group,convallis nulla neque libero convallis eget eleifend luctus ultricies eu nibh quisque id justo sit,http://delicious.com/diam/neque.png
"Bergstrom, Adams and Fritsch",velit vivamus vel nulla eget eros elementum pellentesque quisque porta volutpat erat,https://wikipedia.org/vitae/mattis/nibh/ligula/nec.json
Breitenberg LLC,sit amet nunc viverra dapibus nulla suscipit ligula in lacus curabitur at ipsum ac tellus semper interdum mauris ullamcorper purus,https://chicagotribune.com/amet/nulla/quisque/arcu.json
"Mayert, Satterfield and Hansen",nisl venenatis lacinia aenean sit amet justo morbi ut odio cras,https://reverbnation.com/viverra/diam/vitae.jpg
"Bayer, Cummerata and McLaughlin",quam turpis adipiscing lorem vitae mattis nibh ligula nec sem duis aliquam convallis nunc proin at,http://nymag.com/maecenas/rhoncus/aliquam/lacus/morbi.js
Schaefer-Kuhn,est lacinia nisi venenatis tristique fusce congue diam id ornare,https://a8.net/vestibulum/ante/ipsum/primis/in/faucibus/orci.aspx
Bergnaum and Sons,ac consequat metus sapien ut nunc vestibulum ante ipsum primis in faucibus orci,http://mtv.com/potenti/in.jsp
"Bergstrom, Kuphal and Barrows",in faucibus orci luctus et ultrices posuere cubilia curae mauris viverra,https://mapquest.com/feugiat.js
Parker-Borer,mus vivamus vestibulum sagittis sapien cum sociis natoque penatibus et magnis dis parturient montes nascetur ridiculus mus etiam vel,https://smh.com.au/quis/odio/consequat/varius/integer/ac/leo.png
"Gibson, Schowalter and Rohan",nam congue risus semper porta volutpat quam pede lobortis ligula sit amet eleifend pede libero quis orci nullam,https://time.com/aenean/fermentum/donec/ut/mauris.xml
Ritchie Group,quam nec dui luctus rutrum nulla tellus in sagittis dui,https://cdc.gov/odio/donec/vitae/nisi/nam/ultrices/libero.jsp
Kris-Willms,duis bibendum felis sed interdum venenatis turpis enim blandit mi in porttitor pede justo eu massa donec,https://ustream.tv/at/dolor.xml
"Kilback, Roob and Simonis",rutrum nulla nunc purus phasellus in felis donec semper sapien a,http://xrea.com/tristique.html
"Hansen, Boyer and Marks",sed augue aliquam erat volutpat in congue etiam justo etiam pretium iaculis justo in hac habitasse platea,http://istockphoto.com/suspendisse.aspx
Crona Inc,in libero ut massa volutpat convallis morbi odio odio elementum eu interdum eu tincidunt,http://blogs.com/montes.jpg
Wilkinson LLC,consectetuer adipiscing elit proin risus praesent lectus vestibulum quam sapien varius ut blandit non interdum in ante vestibulum ante,https://gmpg.org/dis.aspx
Jacobi-Kling,augue aliquam erat volutpat in congue etiam justo etiam pretium iaculis justo in hac habitasse platea,http://oracle.com/aliquam/non/mauris/morbi/non.xml
Bushido,pellentesque at nulla suspendisse potenti cras in purus eu magna vulputate luctus cum sociis natoque penatibus,http://imgur.com/libero/nam/dui/proin/leo.html
"Smith, Mills and Cole",eget tincidunt eget tempus vel pede morbi porttitor lorem id ligula suspendisse ornare consequat lectus in,http://cargocollective.com/et/ultrices/posuere.json
"Crist, Beer and Becker",lorem quisque ut erat curabitur gravida nisi at nibh in hac habitasse platea dictumst aliquam augue quam sollicitudin vitae consectetuer,http://arstechnica.com/mauris/ullamcorper.json
"Mueller, Ortiz and O'Connell",erat fermentum justo nec condimentum neque sapien placerat ante nulla justo aliquam quis turpis eget elit sodales scelerisque mauris,http://forbes.com/aliquam/convallis/nunc/proin/at/turpis/a.aspx
Huels Inc,ligula vehicula consequat morbi a ipsum integer a nibh in quis justo maecenas rhoncus aliquam,https://livejournal.com/nunc/rhoncus/dui/vel/sem/sed.png
Veum-Abshire,consequat varius integer ac leo pellentesque ultrices mattis odio donec vitae nisi nam ultrices libero non mattis,http://people.com.cn/pede/ac.html
Hintz and Sons,est lacinia nisi venenatis tristique fusce congue diam id ornare imperdiet sapien urna pretium nisl ut volutpat,https://nyu.edu/sapien/cursus.html
Swaniawski Inc,venenatis turpis enim blandit mi in porttitor pede justo eu massa,https://archive.org/ipsum.png
Vandervort Group,faucibus cursus urna ut tellus nulla ut erat id mauris,https://cisco.com/curabitur/gravida.aspx
"Blick, Kemmer and Kovacek",natoque penatibus et magnis dis parturient montes nascetur ridiculus mus etiam vel augue vestibulum rutrum rutrum neque aenean auctor gravida,http://quantcast.com/nam/congue/risus/semper/porta/volutpat.xml
Gusikowski-Stehr,ridiculus mus vivamus vestibulum sagittis sapien cum sociis natoque penatibus et magnis dis parturient montes nascetur ridiculus,http://usa.gov/in/purus/eu/magna/vulputate/luctus/cum.html
"Kreiger, West and Yost",volutpat in congue etiam justo etiam pretium iaculis justo in hac habitasse platea dictumst etiam faucibus cursus urna ut,http://europa.eu/sed/interdum/venenatis.json
Hills-Hamill,ipsum aliquam non mauris morbi non lectus aliquam sit amet diam in magna bibendum imperdiet nullam,http://bing.com/ut/erat/curabitur/gravida/nisi/at/nibh.jpg
Waelchi-Hodkiewicz,vulputate ut ultrices vel augue vestibulum ante ipsum primis in,http://mozilla.org/fusce/lacus/purus/aliquet.jsp
"Stroman, Heller and Macejkovic",aliquet maecenas leo odio condimentum id luctus nec molestie sed justo pellentesque viverra pede ac diam cras pellentesque volutpat,https://disqus.com/donec/quis/orci/eget/orci/vehicula/condimentum.html
Lang-Quitzon,faucibus orci luctus et ultrices posuere cubilia curae donec pharetra magna vestibulum aliquet ultrices erat tortor sollicitudin,http://pbs.org/nec/nisi/volutpat/eleifend.xml
Klocko-Casper,odio consequat varius integer ac leo pellentesque ultrices mattis odio donec vitae nisi nam ultrices,http://amazon.co.uk/vivamus/vel/nulla/eget/eros/elementum/pellentesque.xml
"Parker, Deckow and Roob",odio in hac habitasse platea dictumst maecenas ut massa quis augue luctus tincidunt nulla mollis,http://walmart.com/ante/ipsum/primis/in/faucibus/orci/luctus.js
Morar Inc,felis ut at dolor quis odio consequat varius integer ac leo pellentesque ultrices mattis odio donec vitae,https://apache.org/pede/venenatis/non/sodales/sed/tincidunt/eu.json
Kuphal-Kirlin,turpis adipiscing lorem vitae mattis nibh ligula nec sem duis aliquam convallis nunc proin at,https://ihg.com/eu/orci/mauris.png
Raynor Group,mauris morbi non lectus aliquam sit amet diam in magna bibendum imperdiet nullam orci pede venenatis non sodales sed,http://earthlink.net/sem/duis/aliquam/convallis/nunc.html
Gislason Inc,primis in faucibus orci luctus et ultrices posuere cubilia curae donec pharetra magna vestibulum aliquet ultrices erat tortor sollicitudin mi,https://spotify.com/nibh.jsp
"Prosacco, Torphy and Gusikowski",diam id ornare imperdiet sapien urna pretium nisl ut volutpat sapien arcu sed augue aliquam,http://google.pl/ut/suscipit.js
Satterfield Inc,lacus at turpis donec posuere metus vitae ipsum aliquam non mauris morbi non lectus aliquam sit,https://yahoo.co.jp/enim/in/tempor.js
"Kovacek, Marks and Lueilwitz",cum sociis natoque penatibus et magnis dis parturient montes nascetur ridiculus mus vivamus,https://pen.io/justo/morbi/ut/odio/cras/mi.html
Parker Group,morbi vel lectus in quam fringilla rhoncus mauris enim leo rhoncus sed vestibulum sit amet cursus id,https://salon.com/convallis/eget/eleifend.aspx
"Larkin, Trantow and Gaylord",at vulputate vitae nisl aenean lectus pellentesque eget nunc donec quis orci eget orci,https://shutterfly.com/consequat/ut/nulla.html
Hodkiewicz LLC,leo maecenas pulvinar lobortis est phasellus sit amet erat nulla tempus,http://yolasite.com/phasellus/sit/amet/erat/nulla.jsp
McKenzie-Trantow,justo lacinia eget tincidunt eget tempus vel pede morbi porttitor lorem id ligula suspendisse,https://unicef.org/in/hac/habitasse/platea/dictumst/maecenas.jpg
"MacGyver, Jacobi and Zboncak",in faucibus orci luctus et ultrices posuere cubilia curae donec pharetra magna,https://dropbox.com/at/ipsum/ac/tellus/semper.js
"Boyle, Howe and Schulist",eget rutrum at lorem integer tincidunt ante vel ipsum praesent blandit lacinia erat,http://php.net/id/nisl/venenatis/lacinia/aenean/sit.xml
LLC,elit proin risus praesent lectus vestibulum quam sapien varius ut blandit non interdum in ante vestibulum ante ipsum,http://google.com.br/ultricies/eu.js
Sipes Inc,vel nisl duis ac nibh fusce lacus purus aliquet at feugiat non pretium quis lectus suspendisse potenti in,http://theatlantic.com/pede/posuere/nonummy/integer/non/velit.xml
"Ledner, VonRueden and Gerhold",proin leo odio porttitor id consequat in consequat ut nulla sed accumsan felis ut at dolor quis odio consequat,http://dot.gov/mauris/non/ligula/pellentesque/ultrices/phasellus/id.js
"Price, Ritchie and Luettgen",natoque penatibus et magnis dis parturient montes nascetur ridiculus mus etiam vel augue vestibulum,http://nasa.gov/purus/aliquet/at/feugiat/non/pretium.xml
"O'Hara, Kovacek and Brown",turpis eget elit sodales scelerisque mauris sit amet eros suspendisse accumsan,http://furl.net/sem/fusce/consequat/nulla/nisl/nunc/nisl.json
Medhurst Group,imperdiet sapien urna pretium nisl ut volutpat sapien arcu sed augue,https://msu.edu/dignissim/vestibulum.png
Kilback LLC,interdum mauris ullamcorper purus sit amet nulla quisque arcu libero rutrum ac lobortis vel,http://amazon.co.uk/a.json
"Beer, Bayer and Hyatt",justo in blandit ultrices enim lorem ipsum dolor sit amet consectetuer adipiscing elit proin interdum,https://canalblog.com/leo/pellentesque.html
Hauck Sons,morbi vel lectus in quam fringilla rhoncus mauris enim leo rhoncus sed vestibulum sit amet cursus id,http://hud.gov/eget/rutrum/at/lorem.jsp
Bayer Inc,in felis eu sapien cursus vestibulum proin eu mi nulla ac enim in tempor turpis nec euismod,http://fc2.com/lacinia/erat/vestibulum.aspx
"Stiedemann, Collier and Heller",in faucibus orci luctus et ultrices posuere cubilia curae mauris viverra diam vitae,http://vistaprint.com/scelerisque/mauris/sit/amet.jpg
"Carter, Gibson and Little",ac lobortis vel dapibus at diam nam tristique tortor eu,https://tripod.com/faucibus/orci/luctus/et.html
Ruecker and Sons,donec odio justo sollicitudin ut suscipit a feugiat et eros vestibulum ac est lacinia nisi venenatis tristique,https://army.mil/rutrum/nulla/tellus.xml
Goodwin-Dare,neque duis bibendum morbi non quam nec dui luctus rutrum nulla tellus in sagittis dui vel nisl duis ac,http://home.pl/aliquet.jpg
Simonis Inc,ut mauris eget massa tempor convallis nulla neque libero convallis eget,http://ocn.ne.jp/pharetra/magna/ac/consequat/metus/sapien/ut.xml
McGlynn Inc,potenti cras in purus eu magna vulputate luctus cum sociis natoque,http://ted.com/dapibus/augue/vel.json
"Wunsch, Corwin and Harber",vestibulum quam sapien varius ut blandit non interdum in ante,http://sun.com/convallis/eget.png
"Schiller, Douglas and Sawayn",nulla sed vel enim sit amet nunc viverra dapibus nulla suscipit ligula in lacus curabitur at,http://yale.edu/enim/sit/amet/nunc/viverra/dapibus/nulla.json
"Russel, Kub and Larkin",accumsan tellus nisi eu orci mauris lacinia sapien quis libero nullam sit,https://hud.gov/eget/eros/elementum.json
Adams Group,diam neque vestibulum eget vulputate ut ultrices vel augue vestibulum ante ipsum primis,https://purevolume.com/elit/proin/interdum/mauris/non/ligula.js
Smitham-Prosacco,blandit nam nulla integer pede justo lacinia eget tincidunt eget tempus vel pede morbi,http://blinklist.com/eget/congue.jpg
Larkin Group,lacus at velit vivamus vel nulla eget eros elementum pellentesque quisque porta volutpat erat quisque,https://dyndns.org/ut/nulla/sed/accumsan.png
Christiansen LLC,a feugiat et eros vestibulum ac est lacinia nisi venenatis tristique fusce congue,http://mysql.com/varius/nulla.xml
"Bode, Veum and Schumm",quisque erat eros viverra eget congue eget semper rutrum nulla nunc purus phasellus in,https://wiley.com/pellentesque/viverra/pede/ac/diam.json
"Roob, Runolfsson and Reichel",faucibus orci luctus et ultrices posuere cubilia curae donec pharetra magna,http://com.com/eleifend/luctus/ultricies/eu/nibh/quisque.jsp
"Oberbrunner, Kunze and Leuschke",mauris vulputate elementum nullam varius nulla facilisi cras non velit nec nisi vulputate nonummy maecenas tincidunt lacus,https://dedecms.com/ultrices/mattis/odio.xml
"Gerhold, Reichel and Gutkowski",tellus nulla ut erat id mauris vulputate elementum nullam varius,http://booking.com/purus/phasellus/in/felis.aspx
Kunze-McGlynn,felis sed lacus morbi sem mauris laoreet ut rhoncus aliquet pulvinar sed nisl nunc,http://wordpress.org/vel/nulla/eget/eros/elementum.js
"Jacobi, Rowe and Schaefer",metus aenean fermentum donec ut mauris eget massa tempor convallis nulla neque libero convallis eget eleifend luctus ultricies eu nibh,http://yahoo.com/vitae.png
Beatty Group,ac neque duis bibendum morbi non quam nec dui luctus rutrum nulla tellus in,http://furl.net/vel/augue/vestibulum.png
Lockman-Cassin,semper est quam pharetra magna ac consequat metus sapien ut nunc,https://zdnet.com/risus/semper/porta/volutpat/quam/pede.xml
Bernhard and Sons,tristique in tempus sit amet sem fusce consequat nulla nisl nunc nisl duis bibendum felis sed interdum venenatis,https://google.co.uk/nam/ultrices/libero/non/mattis/pulvinar.aspx
Gleason-Herman,odio elementum eu interdum eu tincidunt in leo maecenas pulvinar lobortis est phasellus sit,https://auda.org.au/volutpat/erat/quisque/erat/eros/viverra/eget.png
"McDermott, Waters and Morar",ante vestibulum ante ipsum primis in faucibus orci luctus et ultrices,https://reverbnation.com/interdum/mauris/non/ligula.png
Beier-Kerluke,leo pellentesque ultrices mattis odio donec vitae nisi nam ultrices libero non mattis pulvinar,http://adobe.com/eu/felis/fusce/posuere/felis/sed.jpg
"Brakus, Feeney and O'Connell",congue diam id ornare imperdiet sapien urna pretium nisl ut volutpat sapien arcu sed,https://mashable.com/semper/interdum/mauris/ullamcorper/purus/sit/amet.json
Friesen-Weimann,ultrices libero non mattis pulvinar nulla pede ullamcorper augue a suscipit nulla elit ac nulla sed,https://loc.gov/accumsan.jsp
Daugherty-Reilly,eu est congue elementum in hac habitasse platea dictumst morbi vestibulum velit id pretium iaculis diam,https://smh.com.au/tempus/vivamus/in/felis/eu.jsp
"Aufderhar, Braun and Braun",in consequat ut nulla sed accumsan felis ut at dolor quis odio consequat varius,https://vkontakte.ru/interdum/in/ante/vestibulum/ante/ipsum/primis.xml
Renner-Crist,praesent blandit nam nulla integer pede justo lacinia eget tincidunt eget tempus vel pede morbi porttitor,https://taobao.com/sapien/placerat/ante/nulla/justo/aliquam.html
Corkery Group,pulvinar sed nisl nunc rhoncus dui vel sem sed sagittis nam congue risus semper porta,https://slashdot.org/diam.jsp
Renner and Sons,tristique in tempus sit amet sem fusce consequat nulla nisl nunc nisl,https://geocities.com/consequat/lectus/in/est.xml
Feest and Sons,at turpis a pede posuere nonummy integer non velit donec diam neque vestibulum eget vulputate ut ultrices,http://amazon.com/ultrices/posuere/cubilia/curae.js
Homenick-Nitzsche,penatibus et magnis dis parturient montes nascetur ridiculus mus vivamus vestibulum,http://latimes.com/sed/nisl/nunc/rhoncus/dui/vel.html
Purdy-Bernier,duis mattis egestas metus aenean fermentum donec ut mauris eget massa tempor convallis,https://umn.edu/nulla.js
Reilly-Konopelski,nulla elit ac nulla sed vel enim sit amet nunc viverra dapibus,https://tumblr.com/sit/amet/erat.js
Turner-Gutmann,orci eget orci vehicula condimentum curabitur in libero ut massa volutpat convallis,http://privacy.gov.au/ut/erat/id/mauris/vulputate/elementum/nullam.png
Haag Group,in congue etiam justo etiam pretium iaculis justo in hac habitasse platea dictumst etiam,https://rambler.ru/lobortis/convallis/tortor/risus/dapibus.html
"Klocko, Volkman and Sawayn",erat fermentum justo nec condimentum neque sapien placerat ante nulla justo aliquam,http://theglobeandmail.com/non/pretium/quis/lectus/suspendisse.json
"Satterfield, Cummerata and Hessel",ultrices posuere cubilia curae duis faucibus accumsan odio curabitur convallis,https://comsenz.com/habitasse/platea/dictumst/aliquam/augue/quam.xml
